{"cameraMode":{"drawMode":0,"name":"Shaded","section":"Shading Mode"},"sceneLighting":true,"audioPlay":false,"sceneViewState":{"m_AlwaysRefresh":false,"showFog":true,"showSkybox":true,"showFlares":true,"showImageEffects":true,"showParticleSystems":true,"showVisualEffectGraphs":true,"m_FxEnabled":true},"in2DMode":false,"pivot":{"x":13.250672340393067,"y":8.92798137664795,"z":-3.8995373249053957},"rotation":{"x":-0.024358002468943597,"y":0.9374812245368958,"z":-0.06706371158361435,"w":-0.3407233953475952},"size":12.396528244018555,"orthographic":true}