{"cameraMode":{"drawMode":0,"name":"Shaded","section":"Shading Mode"},"sceneLighting":true,"audioPlay":false,"sceneViewState":{"m_AlwaysRefresh":false,"showFog":true,"showSkybox":true,"showFlares":true,"showImageEffects":true,"showParticleSystems":true,"showVisualEffectGraphs":true,"m_FxEnabled":true},"in2DMode":false,"pivot":{"x":679.4910278320313,"y":1419.166259765625,"z":380.2955322265625},"rotation":{"x":0.14280301332473756,"y":0.03827720135450363,"z":-0.005533568561077118,"w":0.989007294178009},"size":1281.3280029296875,"orthographic":false}