{"cameraMode":{"drawMode":0,"name":"Shaded","section":"Shading Mode"},"sceneLighting":true,"audioPlay":false,"sceneViewState":{"m_AlwaysRefresh":false,"showFog":true,"showSkybox":true,"showFlares":true,"showImageEffects":true,"showParticleSystems":true,"showVisualEffectGraphs":true,"m_FxEnabled":true},"in2DMode":false,"pivot":{"x":9.150787353515625,"y":4.528426170349121,"z":-12.36762809753418},"rotation":{"x":-0.3699028193950653,"y":0.008070616982877255,"z":-0.0032371170818805696,"w":-0.929058849811554},"size":3.3245184421539308,"orthographic":true}