{"cameraMode":{"drawMode":0,"name":"Shaded","section":"Shading Mode"},"sceneLighting":true,"audioPlay":false,"sceneViewState":{"m_AlwaysRefresh":false,"showFog":true,"showSkybox":true,"showFlares":true,"showImageEffects":true,"showParticleSystems":true,"showVisualEffectGraphs":true,"m_FxEnabled":true},"in2DMode":false,"pivot":{"x":844.6344604492188,"y":-1356.7220458984375,"z":416.4993896484375},"rotation":{"x":0.017398923635482789,"y":0.004183600656688213,"z":-0.0000804092560429126,"w":0.999853789806366},"size":2649.054443359375,"orthographic":false}