{"cameraMode":{"drawMode":0,"name":"Shaded","section":"Shading Mode"},"sceneLighting":true,"audioPlay":false,"sceneViewState":{"m_AlwaysRefresh":false,"showFog":true,"showSkybox":true,"showFlares":true,"showImageEffects":true,"showParticleSystems":true,"showVisualEffectGraphs":true,"m_FxEnabled":true},"in2DMode":false,"pivot":{"x":-16.35770034790039,"y":5.072664260864258,"z":-17.656173706054689},"rotation":{"x":-0.14195983111858369,"y":-0.22824829816818238,"z":0.03363611921668053,"w":-0.9626378417015076},"size":10.795079231262207,"orthographic":true}